,PLAYER,YRS,G,AB,R,H,2B,3B,HR,RBI,BB,SO,SB,CS,BA,TB,RC
1,Howie Kendrick,14,121,334,61,115,23,1,17,62,27,49,2,1,.344,232,91.25761772853186
2,Tim Anderson,4,123,498,81,167,32,0,18,56,15,109,17,5,.335,303,107.49707602339181
3,Luis Arraez,1,92,326,54,109,20,1,4,28,36,29,2,2,.334,168,67.29281767955801
4,Donovan Solano,6,81,215,27,71,13,1,4,23,10,49,0,1,.330,116,41.76
5,Christian Yelich,7,130,489,100,161,29,3,44,97,80,118,30,2,.329,404,171.11423550087872
 ,Ketel Marte,5,144,569,97,187,36,9,32,92,53,86,10,2,.329,414,159.7427652733119
7,DJ LeMahieu,9,145,602,109,197,33,2,26,102,46,90,5,2,.327,373,139.875
8,Anthony Rendon,7,146,545,117,174,44,3,34,126,80,86,5,1,.319,407,165.4048
9,Jeff McNeil,2,133,510,83,162,38,1,23,75,35,75,5,6,.318,333,120.36880733944955
10,Wilmer Flores,7,89,265,31,84,18,0,9,37,15,31,0,0,.317,156,55.15714285714286
 ,Fernando Tatis Jr.,1,84,334,61,106,13,6,22,53,30,110,16,6,.317,238,88.92307692307692
12,Nolan Arenado,7,155,588,102,185,31,2,41,118,62,93,3,2,.315,417,158.46
 ,Yoan Moncada,4,132,511,83,161,34,5,25,79,40,154,10,3,.315,344,125.48820326678766
14,Charlie Blackmon,9,140,580,112,182,42,7,32,86,40,104,2,5,.314,415,148.59677419354838
 ,Gio Urshela,4,132,442,73,139,34,0,21,74,25,87,1,1,.314,291,102.19271948608137
 ,Bryan Reynolds,1,135,491,83,154,37,4,16,68,46,121,3,2,.314,304,113.22160148975792
17,Yordan Alvarez,1,87,313,58,98,26,0,27,78,52,94,0,0,.313,258,106.02739726027397
18,Nelson Cruz,15,120,454,81,141,26,0,41,108,56,131,0,1,.311,357,137.9
 ,Michael Brantley,11,148,575,88,179,40,2,22,90,51,66,3,2,.311,353,129.69648562300318
 ,Rafael Devers,3,156,647,129,201,54,4,32,115,48,119,8,8,.311,449,160.86474820143886
21,Xander Bogaerts,7,155,614,110,190,52,0,33,117,76,122,4,2,.309,426,164.22608695652173
22,Kevin Newman,2,130,493,61,152,20,6,12,64,28,62,16,8,.308,258,89.1362763915547
23,J.D. Davis,3,140,410,65,126,22,1,22,57,38,97,3,0,.307,261,95.54464285714286
24,Hanser Alberto,4,139,524,62,160,21,2,12,51,16,50,4,4,.305,256,83.43703703703704
 ,Cody Bellinger,3,156,558,121,170,34,3,47,115,95,108,15,5,.305,435,176.53139356814702
26,J.D. Martinez,9,146,575,98,175,33,2,36,105,72,138,2,0,.304,391,149.26893353941267
 ,Corey Dickerson,7,78,260,33,79,28,2,12,59,16,56,1,0,.304,189,65.05434782608695
 ,Victor Reyes,2,69,276,29,84,16,5,3,25,14,64,9,3,.304,143,48.324137931034485
 ,Tommy Edman,1,92,326,59,99,17,7,11,36,16,61,15,1,.304,198,66.57894736842105
30,Keston Hiura,1,84,314,51,95,23,2,19,49,25,107,9,3,.303,223,78.93805309734513
31,Whit Merrifield,4,162,681,105,206,41,10,16,74,45,126,20,10,.302,382,132.06887052341597
 ,David Dahl,3,100,374,67,113,28,5,15,61,28,110,4,4,.302,244,85.58208955223881
33,Jose Altuve,9,124,500,89,149,27,3,31,74,41,82,6,5,.298,336,118.00369685767097
 ,Trea Turner,5,122,521,96,155,37,5,19,57,43,113,35,5,.298,320,112.34042553191489
 ,Yuli Gurriel,4,144,564,85,168,40,2,31,104,37,65,5,3,.298,378,128.9351081530782
36,Hunter Pence,13,83,286,53,85,17,1,18,59,26,69,6,1,.297,194,69.01923076923077
 ,Brock Holt,8,87,259,38,77,14,2,3,31,28,57,1,0,.297,123,45.0
38,Alex Bregman,4,156,554,122,164,37,2,41,112,119,83,5,1,.296,408,171.56612184249627
39,Freddie Freeman,10,158,597,113,176,34,2,38,121,87,127,6,3,.295,402,154.5701754385965
 ,Starling Marte,8,132,539,97,159,31,6,23,82,25,94,25,6,.295,331,107.98581560283688
 ,Tommy La Stella,6,80,292,49,86,8,0,16,44,20,28,0,0,.295,166,56.3974358974359
 ,Jorge Polanco,6,153,631,107,186,40,7,22,79,60,116,4,3,.295,375,133.50217076700434
 ,Mookie Betts,6,150,597,135,176,40,5,29,80,97,101,16,3,.295,387,152.23487031700287
 ,Ozzie Albies,3,160,640,102,189,43,8,24,86,54,112,15,4,.295,395,138.30691642651297
45,Trevor Story,4,145,588,111,173,38,5,35,85,58,174,23,8,.294,404,144.46439628482972
 ,Alex Verdugo,3,106,343,43,101,22,2,12,44,26,49,4,1,.294,199,68.49051490514906
47,Anthony Rizzo,9,146,512,89,150,29,3,27,94,71,86,5,2,.293,325,123.19897084048027
48,George Springer,6,122,479,96,140,20,3,39,96,67,113,6,2,.292,345,130.7967032967033
49,Mike Trout,9,134,470,110,137,27,2,45,104,110,120,11,2,.291,377,160.55
 ,Harold Castro,2,97,354,30,103,10,4,5,38,9,86,4,2,.291,155,47.823691460055095
51,Austin Meadows,2,138,530,83,154,29,7,33,89,54,131,12,7,.291,365,130.0
 ,Trey Mancini,4,154,602,106,175,38,2,35,97,63,143,1,0,.291,397,142.0842105263158
53,Justin Turner,11,135,479,80,139,24,0,27,67,51,88,2,0,.290,295,105.75471698113208
 ,Eric Sogard,9,110,396,59,115,23,2,13,40,38,63,8,0,.290,219,77.20506912442396
 ,David Fletcher,2,154,596,83,173,30,4,6,49,55,64,8,3,.290,269,94.21198156682027
56,Nicholas Castellanos,7,155,615,100,178,58,3,27,73,41,143,2,2,.289,411,137.20884146341464
57,Wilson Ramos,10,141,473,52,136,19,0,14,73,44,69,1,0,.288,230,80.07736943907156
 ,Jose Iglesias,8,146,504,62,145,21,3,11,59,20,70,6,6,.288,240,75.57251908396947
 ,Tyler Naquin,4,89,274,34,79,19,0,10,34,14,66,4,2,.288,157,50.697916666666664
 ,Ramon Laureano,2,123,434,79,125,29,0,24,67,27,123,13,2,.288,279,91.99132321041215
61,Amed Rosario,3,157,616,75,177,30,7,15,72,31,124,19,10,.287,318,102.23183925811438
62,Shohei Ohtani,2,106,384,51,110,20,5,18,62,33,110,12,3,.286,237,81.27338129496403
63,Cameron Maybin,13,82,239,48,68,17,0,11,32,30,72,9,6,.285,146,53.18959107806691
 ,Nick Markakis,14,116,414,61,118,25,2,9,62,47,59,2,0,.285,210,75.16268980477223
 ,Ryan Braun,13,144,459,70,131,31,2,22,75,34,105,11,1,.285,287,96.05476673427992
 ,Kolten Wong,7,148,478,61,136,25,4,11,59,47,83,24,4,.285,242,84.35428571428571
 ,Marcus Semien,7,162,657,123,187,43,7,33,92,87,102,10,8,.285,426,156.88709677419354
68,Miguel Rojas,6,132,483,52,137,29,1,5,46,32,62,9,5,.284,218,71.53786407766991
 ,Francisco Lindor,5,143,598,101,170,40,2,32,74,46,98,22,5,.284,384,128.7950310559006
 ,Jose Abreu,6,159,634,85,180,38,1,33,123,36,152,2,2,.284,391,126.05373134328359
71,Danny Santana,6,130,474,81,134,23,6,28,81,25,151,21,6,.283,310,98.77755511022045
72,Miguel Cabrera,17,136,493,41,139,21,0,12,59,48,108,0,0,.282,229,79.15526802218115
 ,Avisail Garcia,8,125,489,61,138,25,2,20,72,31,125,10,4,.282,274,89.05
 ,Kris Bryant,5,147,543,108,153,35,1,31,77,74,145,4,0,.282,350,128.76823338735818
 ,Juan Soto,2,150,542,110,153,32,5,34,110,108,132,12,1,.282,368,147.76615384615386
76,Austin Romine,8,72,228,29,64,12,0,8,35,10,50,1,1,.281,120,37.3109243697479
 ,Carlos Santana,10,158,573,110,161,30,1,34,93,108,108,4,0,.281,360,142.20264317180616
 ,Javier Baez,6,138,531,89,149,38,4,29,85,28,156,11,7,.281,353,111.77280858676208
 ,Garrett Cooper,3,107,381,52,107,16,1,15,50,33,110,0,0,.281,202,68.30917874396135
80,Melky Cabrera,15,133,378,43,106,22,1,7,47,17,41,2,0,.280,181,56.36202531645569
 ,Jean Segura,8,144,576,79,161,37,4,12,60,30,73,10,2,.280,295,92.97854785478548
 ,Ronald Acuna Jr.,2,156,626,127,175,22,2,41,101,76,188,37,9,.280,389,139.08689458689457
83,Daniel Murphy,11,132,438,56,122,35,1,13,78,32,74,1,1,.279,247,80.93191489361702
 ,Leury Garcia,7,140,577,93,161,27,3,8,40,21,139,15,5,.279,256,77.91304347826087
 ,Cesar Hernandez,7,161,612,77,171,31,3,14,71,45,100,9,2,.279,298,97.97260273972603
 ,Adam Eaton,8,151,566,103,158,25,7,15,49,65,106,15,3,.279,289,102.13470681458003
 ,Carlos Correa,5,75,280,42,78,16,1,21,59,35,75,1,0,.279,197,70.66984126984127
 ,Hunter Dozier,3,139,523,75,146,29,10,26,84,55,148,2,2,.279,338,117.53979238754326
89,Adam Frazier,4,153,554,80,154,33,7,10,50,40,75,5,5,.278,281,91.77441077441077
 ,Gleyber Torres,2,144,546,96,152,26,0,38,90,48,129,5,2,.278,356,119.86531986531986
 ,Omar Narvaez,4,132,428,63,119,12,0,22,55,47,92,0,0,.278,231,80.72842105263157
92,Josh Bell,4,143,527,94,146,37,3,37,116,74,118,0,1,.277,377,138.00332778702162
 ,Colin Moran,4,149,466,46,129,30,1,13,80,30,117,0,1,.277,244,78.21774193548387
 ,Mike Tauchman,3,87,260,46,72,18,1,13,47,34,71,6,0,.277,163,58.7687074829932
 ,Lourdes Gurriel Jr.,2,84,314,52,87,19,2,20,50,20,86,6,4,.277,211,67.59580838323353
96,Christian Vazquez,5,138,482,66,133,26,1,23,72,33,101,4,2,.276,280,90.25242718446601
 ,Eddie Rosario,5,137,562,91,155,28,1,32,109,22,86,3,1,.276,342,103.6541095890411
 ,Harold Ramirez,1,119,421,54,116,20,3,11,50,18,91,2,1,.276,209,63.79498861047836
 ,Jordan Luplow,3,85,225,42,62,15,1,15,38,33,61,3,2,.276,155,57.07364341085271
100,Elvis Andrus,11,147,600,81,165,27,4,12,72,34,96,31,8,.275,279,87.57255520504732
101,Josh Reddick,11,141,501,57,138,19,3,14,56,36,66,5,2,.275,241,78.08938547486034
 ,Dee Gordon,9,117,393,36,108,12,6,3,34,18,61,22,5,.275,162,49.66423357664234
 ,J.T. Realmuto,6,145,538,92,148,36,3,25,83,41,123,9,1,.275,329,107.39378238341969
 ,Raimel Tapia,4,138,426,54,117,23,5,9,44,21,100,9,3,.275,214,66.06711409395973
 ,David Peralta,6,99,382,48,105,29,3,12,57,35,87,0,0,.275,220,73.86091127098321
106,Jonathan Villar,7,162,642,111,176,33,5,24,73,61,176,40,9,.274,353,119.00568990042674
107,Tommy Pham,6,145,567,77,155,33,2,21,68,81,123,25,4,.273,311,113.26543209876543
 ,Mark Canha,5,126,410,80,112,16,3,26,58,67,107,3,2,.273,257,96.44234800838575
 ,James McCann,6,118,439,62,120,26,1,18,60,30,137,4,1,.273,247,78.99786780383795
 ,Jon Berti,2,73,256,52,70,14,1,6,24,24,73,17,3,.273,125,41.964285714285715
 ,Tom Murphy,5,75,260,32,71,12,1,18,40,19,87,2,0,.273,170,54.83870967741935
 ,Mitch Garver,3,93,311,70,85,16,1,31,67,41,87,0,0,.273,244,87.3409090909091
113,Ehire Adrianza,7,83,202,34,55,8,3,5,22,20,40,0,2,.272,100,33.78378378378378
 ,Willson Contreras,4,105,360,57,98,18,2,24,64,38,102,1,2,.272,236,80.64321608040201
 ,Corey Seager,5,134,489,82,133,44,1,19,87,44,98,1,0,.272,300,99.62476547842401
 ,Aaron Judge,4,102,378,75,103,18,1,27,55,64,141,3,2,.272,250,94.45701357466064
 ,Mike Yastrzemski,1,107,371,64,101,22,3,21,55,32,107,2,4,.272,238,78.54590570719603
 ,Vladimir Guerrero Jr.,1,123,464,52,126,26,2,15,69,46,91,0,1,.272,244,82.29019607843138
119,Eugenio Suarez,6,159,575,87,156,22,2,49,103,70,189,3,2,.271,402,140.85581395348837
 ,Phillip Ervin,3,94,236,30,64,11,7,7,23,18,63,4,3,.271,135,43.58267716535433
 ,Aledmys Diaz,4,69,210,36,57,12,1,9,40,26,28,2,0,.271,120,42.20338983050848
122,Yadier Molina,16,113,419,45,113,24,0,10,57,23,58,6,0,.270,201,61.84615384615385
 ,Starlin Castro,10,162,636,68,172,31,4,22,86,28,111,2,2,.270,334,100.60240963855422
 ,Jordy Mercer,8,74,256,24,69,16,0,9,22,13,57,0,0,.270,137,41.762081784386616
 ,Brandon Lowe,2,82,296,42,80,17,2,17,51,25,113,5,0,.270,188,61.495327102803735
126,Eduardo Escobar,9,158,636,94,171,29,10,35,118,50,130,5,1,.269,399,128.5408163265306
 ,Jose Martinez,4,128,334,45,90,13,2,10,42,35,82,3,0,.269,162,54.8780487804878
 ,Jesse Winker,3,113,338,51,91,17,2,16,38,38,60,0,2,.269,195,66.90159574468085
 ,Austin Nola,1,79,238,37,64,12,1,10,31,23,63,1,0,.269,131,43.666666666666664
 ,Ildemaro Vargas,3,92,201,25,54,9,1,6,24,9,24,1,0,.269,99,29.7
 ,Oscar Mercado,1,115,438,70,118,25,3,15,54,28,84,15,4,.269,237,74.25321888412017
 ,Willie Calhoun,3,83,309,51,83,14,1,21,48,23,53,0,0,.269,198,63.21686746987952
133,Pablo Sandoval,12,108,272,42,73,23,0,14,41,18,67,1,0,.268,175,54.91379310344828
 ,Nomar Mazara,4,116,429,69,115,27,1,19,66,28,108,4,1,.268,248,77.60175054704595
135,Yasiel Puig,7,149,555,76,148,30,2,24,84,44,133,19,7,.267,310,99.36560934891486
 ,Matt Olson,4,127,483,73,129,26,0,36,91,51,138,0,0,.267,325,109.5505617977528
 ,Clint Frazier,3,69,225,31,60,14,0,12,38,16,70,1,2,.267,136,42.88796680497925
 ,Yandy Diaz,3,79,307,53,82,20,1,14,38,35,61,2,2,.267,181,61.921052631578945
 ,Eloy Jimenez,1,122,468,69,125,18,2,31,79,30,134,0,0,.267,291,90.57228915662651
140,Alex Gordon,13,150,556,77,148,31,1,13,76,51,100,5,3,.266,265,86.87808896210873
 ,A.J. Pollock,8,86,308,49,82,15,1,15,47,23,74,5,1,.266,175,55.51359516616314
 ,Victor Caratini,3,95,244,31,65,11,0,11,34,29,59,1,0,.266,131,45.10622710622711
 ,Andrew Benintendi,4,138,541,72,144,40,5,13,68,59,140,10,3,.266,291,98.455
 ,Adam Haseley,1,67,222,30,59,14,0,5,26,14,60,4,0,.266,107,33.097457627118644
145,Shin-Soo Choo,15,151,563,93,149,31,2,24,61,78,165,15,1,.265,313,110.84399375975039
 ,Eric Hosmer,9,160,619,72,164,29,2,22,99,40,163,0,3,.265,316,97.82094081942337
 ,Jorge Soler,6,162,589,95,156,33,1,48,117,73,178,3,1,.265,417,144.24924471299093
 ,Francisco Mejia,3,79,226,27,60,11,2,8,22,13,56,1,1,.265,120,36.65271966527197
 ,Matt Beaty,1,99,249,36,66,19,1,9,46,17,33,5,0,.265,143,44.6203007518797
150,Kurt Suzuki,13,85,280,37,74,11,0,17,63,20,36,0,1,.264,164,51.38666666666666
151,Marwin Gonzalez,8,114,425,52,112,19,0,15,55,31,98,1,0,.264,210,65.85526315789474
 ,Andrelton Simmons,8,103,398,47,105,19,0,7,40,24,37,10,2,.264,171,52.27251184834123
 ,Jose Osuna,3,95,261,41,69,20,0,10,36,18,48,0,0,.264,149,46.46236559139785
154,Stephen Vogt,7,99,255,30,67,24,2,10,40,20,66,3,1,.263,161,50.93454545454546
 ,Adalberto Mondesi,5,102,415,58,109,20,10,9,62,19,132,43,7,.263,215,63.41013824884793
 ,Luke Voit,3,118,429,72,113,21,1,21,62,71,142,0,0,.263,242,89.056
157,Jorge Alfaro,4,130,431,44,113,14,1,18,57,22,154,4,4,.262,216,64.37086092715232
 ,Tony Wolters,4,121,359,42,94,17,2,1,42,36,68,0,1,.262,138,45.41772151898734
 ,Brian Goodwin,4,136,413,65,108,29,3,17,47,38,129,7,3,.262,243,78.66518847006652
 ,Byron Buxton,5,87,271,48,71,30,4,10,46,19,68,14,3,.262,183,56.793103448275865
 ,Chris Taylor,6,124,366,52,96,29,4,12,52,37,115,8,0,.262,214,70.62531017369727
162,Joey Votto,13,144,525,79,137,32,1,15,47,76,123,5,0,.261,264,93.56405990016638
 ,Neil Walker,11,115,337,37,88,19,1,8,38,42,77,3,0,.261,161,55.224274406332455
 ,Ji-Man Choi,4,127,410,54,107,20,2,19,63,64,108,2,3,.261,229,82.61392405063292
 ,Brian Anderson,3,126,459,57,120,33,1,20,66,44,114,5,1,.261,269,87.70576540755467
 ,Anthony Santander,3,93,380,46,99,20,1,20,59,19,86,1,2,.261,222,65.65413533834587
167,Adam Jones,14,137,485,66,126,25,1,16,67,31,101,2,1,.260,243,73.93604651162791
 ,Asdrubal Cabrera,13,131,447,69,116,25,1,18,91,57,103,4,0,.260,241,82.72420634920636
 ,Lorenzo Cain,10,148,562,75,146,30,0,11,48,50,106,18,8,.260,250,80.06535947712419
 ,Freddy Galvis,8,147,557,67,145,28,1,23,70,28,145,4,2,.260,296,87.53504273504274
 ,Bryce Harper,8,157,573,98,149,36,1,35,114,99,178,15,3,.260,364,134.33333333333334
 ,Paul Goldschmidt,9,161,597,97,155,25,1,34,97,78,166,3,1,.260,344,118.7437037037037
 ,Pete Alonso,1,161,597,103,155,30,2,53,120,72,183,1,0,.260,433,146.9222720478326
174,Josh Donaldson,9,155,549,96,142,33,0,37,94,100,155,4,2,.259,356,132.74576271186442
 ,Christian Walker,5,152,529,86,137,26,1,29,73,67,155,8,1,.259,308,105.42281879194631
 ,Kevin Pillar,7,161,611,83,158,37,3,21,88,18,89,14,5,.259,325,90.93799682034977
 ,Aristides Aquino,2,56,205,31,53,8,0,19,47,16,60,7,0,.259,145,45.27149321266968
178,Scott Kingery,2,126,458,64,118,34,4,19,55,34,147,15,4,.258,274,84.65040650406505
179,Buster Posey,11,114,405,43,104,24,0,7,38,34,71,0,0,.257,180,56.583143507972665
 ,Michael Conforto,5,151,549,90,141,29,1,33,92,84,149,7,2,.257,334,118.72037914691943
 ,David Bote,2,127,303,47,78,17,0,11,41,44,93,5,1,.257,156,54.847262247838614
182,Robinson Cano,15,107,390,46,100,28,0,13,39,25,69,0,0,.256,208,62.65060240963855
 ,Andrew McCutchen,11,59,219,45,56,12,1,10,29,43,55,2,1,.256,123,46.47709923664122
 ,Manny Machado,8,156,587,81,150,21,2,32,85,65,128,5,3,.256,326,107.5
 ,Jonathan Schoop,7,121,433,61,111,23,1,23,59,20,116,1,1,.256,252,72.87417218543047
 ,Nick Senzel,1,104,375,55,96,20,4,12,42,30,101,14,5,.256,196,60.977777777777774
187,Ian Desmond,11,140,443,64,113,31,4,20,65,34,119,3,3,.255,267,82.28301886792453
 ,Jose Ramirez,7,129,482,68,123,33,3,23,83,52,74,24,4,.255,290,95.0374531835206
 ,Victor Robles,3,155,546,86,139,33,3,17,65,35,140,28,9,.255,282,84.45438898450946
190,Evan Longoria,12,129,453,59,115,19,2,20,69,43,112,3,1,.254,239,76.13306451612904
 ,Mike Moustakas,9,143,523,80,133,30,1,35,87,53,98,3,0,.254,336,108.5
 ,Nick Ahmed,6,158,556,79,141,33,6,19,82,52,113,8,2,.254,301,95.54769736842105
 ,Willy Adames,2,152,531,69,135,25,1,20,52,46,153,4,2,.254,268,84.06932409012131
 ,Michael Chavis,1,95,347,46,88,10,1,18,58,31,127,2,1,.254,183,57.611111111111114
195,Domingo Santana,6,121,451,63,114,20,1,21,69,50,164,8,3,.253,241,78.89021956087825
 ,C.J. Cron,6,125,458,51,116,24,0,25,78,29,107,0,0,.253,264,78.60369609856262
 ,Joey Gallo,5,70,241,54,61,15,1,22,49,52,114,4,2,.253,182,70.19112627986348
198,Mitch Moreland,10,91,298,48,75,17,1,19,58,34,74,1,0,.252,188,61.72289156626506
 ,Max Kepler,5,134,524,98,132,32,0,36,90,60,99,1,5,.252,340,111.78082191780823
 ,Yolmer Sanchez,6,149,496,59,125,20,4,2,43,44,117,5,4,.252,185,57.898148148148145
201,Brett Gardner,12,141,491,86,123,26,7,28,74,52,108,10,2,.251,308,99.2633517495396
 ,Jason Heyward,10,147,513,78,129,20,4,21,62,68,110,8,3,.251,265,89.85370051635113
 ,Travis d'Arnaud,7,103,351,52,88,16,0,16,69,32,85,0,1,.251,184,57.65013054830287
 ,Todd Frazier,9,133,447,63,112,19,2,21,67,40,106,1,2,.251,240,74.90759753593429
 ,Curt Casali,6,84,207,24,52,9,0,8,32,25,59,0,0,.251,102,33.85344827586207
 ,Max Muncy,4,141,487,101,122,22,1,35,98,90,149,4,1,.251,309,113.53206239168111
 ,Dansby Swanson,4,127,483,77,121,26,3,17,65,51,124,10,5,.251,250,80.52434456928839
208,Ryan McMahon,3,141,480,70,120,22,1,24,83,56,160,5,1,.250,263,86.35820895522389
 ,Kyle Schwarber,5,155,529,82,132,29,3,38,92,70,156,2,3,.250,351,118.36727879799666
 ,Tim Locastro,3,91,212,38,53,12,2,1,17,14,44,17,0,.250,87,25.792035398230087
211,Brian McCann,15,85,277,28,69,9,0,12,45,31,53,0,0,.249,135,43.83116883116883
 ,Delino DeShields,5,118,357,42,89,15,4,4,32,38,100,24,6,.249,147,47.26329113924051
 ,Joc Pederson,6,149,450,83,112,16,3,36,74,50,111,1,1,.249,297,96.228
 ,Stephen Piscotty,5,93,357,46,89,17,1,13,44,29,84,2,0,.249,178,54.41450777202073
 ,Pedro Severino,5,96,305,37,76,13,0,13,44,29,73,3,1,.249,154,48.41317365269461
 ,Franmil Reyes,2,150,494,69,123,19,0,37,81,47,156,0,0,.249,309,97.09796672828097
 ,Matt Chapman,3,156,583,102,145,36,3,36,91,73,147,1,1,.249,370,122.95731707317073
 ,Josh Naylor,1,94,253,29,63,15,0,8,32,25,64,1,1,.249,125,39.568345323741006
219,Ben Gamel,4,134,311,47,77,18,0,7,33,40,104,2,2,.248,141,47.0
 ,Greg Garcia,6,134,311,52,77,13,4,4,31,53,83,0,2,.248,131,46.785714285714285
 ,Niko Goodrum,3,112,423,61,105,27,5,12,45,46,138,12,3,.248,222,71.47547974413646
 ,Brandon Dixon,2,117,391,41,97,20,4,15,52,21,136,5,1,.248,209,59.859223300970875
223,Eric Thames,5,149,396,67,98,23,2,25,61,51,140,3,2,.247,250,83.33333333333333
 ,Miguel Sano,5,105,380,76,94,19,2,34,79,55,159,0,1,.247,274,93.8528735632184
 ,Garrett Hampson,2,105,299,40,74,9,4,8,27,24,88,15,3,.247,136,41.26315789473684
226,Yasmani Grandal,8,153,513,79,126,26,2,28,77,109,139,5,1,.246,296,111.83279742765274
 ,Cheslor Cuthbert,5,87,309,24,76,14,0,9,40,19,67,1,0,.246,140,40.548780487804876
228,Jason Kipnis,9,121,458,52,112,23,1,17,65,40,88,7,2,.245,229,69.89558232931726
 ,Carson Kelly,4,111,314,46,77,19,0,18,47,48,79,0,0,.245,187,64.57182320441989
 ,Dawel Lugo,2,77,273,28,67,11,4,6,26,8,59,0,0,.245,125,33.362989323843415
231,Albert Pujols,19,131,491,55,120,22,0,23,93,43,68,3,0,.244,256,78.14232209737828
 ,Edwin Encarnacion,15,109,418,81,102,18,0,34,86,58,103,0,1,.244,274,92.10084033613445
 ,Joe Panik,6,142,438,50,107,21,2,5,39,43,47,4,2,.244,175,54.57380457380457
 ,Renato Nunez,4,151,541,72,132,24,0,31,90,44,143,1,1,.244,304,91.45982905982906
235,Adam Engel,3,89,227,26,55,10,2,6,26,14,78,3,3,.242,105,30.062240663900415
236,Adeiny Hechavarria,8,84,203,34,49,12,1,9,33,14,48,3,1,.241,112,32.516129032258064
 ,Marcell Ozuna,7,131,485,80,117,23,1,29,89,62,114,12,2,.241,282,92.28153564899452
 ,Elias Diaz,5,101,303,31,73,14,0,2,28,23,56,0,0,.241,109,32.09815950920245
 ,Dwight Smith Jr.,3,101,357,46,86,16,3,13,53,26,82,5,1,.241,179,52.344647519582246
240,Robbie Grossman,7,138,420,57,101,21,3,6,38,59,86,9,4,.240,176,58.78914405010438
 ,Chad Pinder,4,124,341,45,82,21,0,13,47,20,88,0,1,.240,176,49.72853185595568
 ,Nicky Lopez,1,103,379,44,91,22,2,2,30,18,51,1,1,.240,149,40.90931989924433
243,Josh Phegley,7,106,314,44,75,18,0,12,62,15,63,0,1,.239,159,43.495440729483285
 ,Kyle Seager,9,106,393,55,94,19,1,23,63,44,86,2,2,.239,227,71.6842105263158
 ,Wil Myers,7,155,435,58,104,22,1,18,53,51,168,16,7,.239,223,71.12139917695474
 ,Roberto Perez,6,119,389,46,93,9,1,24,63,45,127,0,0,.239,210,66.7741935483871
 ,Jose Peraza,5,141,376,37,90,18,2,6,33,17,58,7,6,.239,156,42.47328244274809
248,Dexter Fowler,12,150,487,69,116,24,1,19,67,74,142,8,5,.238,243,82.29946524064171
 ,Robinson Chirinos,8,114,366,57,87,22,1,17,58,51,125,1,2,.238,202,66.84892086330935
 ,Brian Dozier,8,135,416,54,99,20,0,20,50,61,105,3,4,.238,219,73.45911949685535
251,Didi Gregorius,8,82,324,47,77,14,2,16,61,17,53,2,1,.238,175,48.240469208211145
 ,Isiah Kiner-Falefa,2,65,202,23,48,12,1,1,21,14,49,3,0,.238,79,22.675925925925927
 ,Luis Rengifo,1,108,357,44,85,18,3,7,33,40,93,2,5,.238,158,49.74811083123426
254,Tim Beckham,6,88,304,39,72,21,1,15,47,21,102,1,3,.237,177,50.64923076923077
 ,Enrique Hernandez,6,130,414,57,98,19,1,17,64,36,97,4,0,.237,207,61.64
 ,Addison Russell,5,82,215,25,51,4,1,9,23,20,58,2,0,.237,98,29.608510638297872
 ,Josh VanMeter,1,96,228,33,54,13,1,8,23,29,56,9,3,.237,115,37.14007782101167
258,Jesus Aguilar,6,131,314,39,74,12,0,12,50,43,81,0,0,.236,146,47.84873949579832
 ,Albert Almora Jr.,4,130,339,41,80,11,1,12,32,16,62,2,1,.236,153,41.374647887323945
260,Aaron Hicks,7,59,221,41,52,10,0,12,36,31,72,1,2,.235,120,39.523809523809526
 ,JaCoby Jones,4,88,298,39,70,19,3,11,26,27,94,7,2,.235,161,48.05230769230769
262,Gerardo Parra,11,119,274,38,64,14,1,9,48,19,59,8,3,.234,131,37.10921501706485
 ,Brandon Belt,9,156,526,76,123,32,3,17,57,83,127,4,3,.234,264,89.30049261083744
 ,Maikel Franco,6,123,389,48,91,17,0,17,56,36,61,0,0,.234,193,57.67294117647059
 ,Manuel Margot,4,151,398,59,93,19,3,12,37,38,88,20,4,.234,188,56.48623853211009
 ,Steven Duggar,2,73,261,26,61,12,2,4,28,16,78,1,4,.234,107,29.743682310469314
 ,Cavan Biggio,1,100,354,66,83,17,2,16,48,71,123,14,0,.234,187,67.76
268,Martin Prado,14,104,245,26,57,9,0,2,15,12,41,0,0,.233,83,22.284046692607003
 ,Jake Marisnick,7,120,292,46,68,16,3,10,34,17,95,10,3,.233,149,40.98705501618123
 ,Johan Camargo,3,98,232,31,54,12,1,7,32,15,43,1,0,.233,109,30.44939271255061
 ,Christin Stewart,2,104,369,32,86,25,1,10,40,34,103,0,1,.233,179,53.30024813895782
 ,Paul DeJong,3,159,583,97,136,31,1,30,78,62,149,9,5,.233,321,98.53953488372093
273,Jason Castro,9,79,237,39,55,9,0,13,30,33,88,0,0,.232,125,40.74074074074074
 ,Jonathan Lucroy,10,101,293,30,68,10,1,8,36,27,51,0,0,.232,123,36.515625
 ,Gary Sanchez,5,106,396,62,92,12,1,34,77,40,125,0,1,.232,255,77.20183486238533
 ,Randal Grichuk,6,151,586,75,136,29,5,31,80,35,163,2,1,.232,333,91.69565217391305
 ,Kole Calhoun,8,152,552,92,128,29,1,33,74,70,162,4,1,.232,321,102.18327974276528
 ,Rio Ruiz,4,127,370,35,86,13,2,12,46,40,88,0,1,.232,166,51.014634146341464
279,Tucker Barnhart,6,115,316,32,73,14,0,11,40,44,83,1,0,.231,145,47.125
 ,Joey Wendle,4,75,238,32,55,13,2,3,19,14,47,8,3,.231,99,27.107142857142858
281,Jarrod Dyson,10,130,400,65,92,11,2,7,27,47,86,30,4,.230,148,46.022371364653246
 ,Teoscar Hernandez,4,125,417,58,96,19,2,26,65,45,153,6,3,.230,244,74.46753246753246
283,Tyler Flowers,11,85,271,36,62,11,3,11,34,31,105,0,0,.229,137,42.188741721854306
 ,Greg Allen,3,89,231,30,53,9,3,4,27,11,53,8,2,.229,96,25.388429752066116
285,Brandon Crawford,9,147,500,58,114,24,2,11,59,53,117,3,2,.228,212,64.02169981916818
 ,Hernan Perez,8,91,232,29,53,11,0,8,18,11,66,5,1,.228,107,28.181069958847736
 ,Kevin Kiermaier,7,129,447,60,102,20,7,14,55,26,104,19,5,.228,219,59.264270613107826
288,Logan Forsythe,9,101,317,38,72,17,1,7,39,44,100,2,0,.227,137,44.02216066481994
 ,Mallex Smith,4,134,510,70,116,19,9,6,37,42,141,46,9,.227,205,58.677536231884055
 ,Rowdy Tellez,2,111,370,49,84,19,0,21,54,29,116,1,1,.227,206,58.340852130325814
291,Matt Carpenter,9,129,416,59,94,20,2,15,46,63,129,6,1,.226,200,65.55323590814196
 ,Matt Adams,8,111,310,42,70,14,0,20,56,20,115,0,0,.226,178,48.54545454545455
 ,J.P. Crawford,3,93,345,43,78,21,4,7,46,43,83,5,3,.226,160,49.896907216494846
 ,Austin Riley,1,80,274,41,62,11,1,18,49,16,108,0,2,.226,159,42.765517241379314
 ,Jake Bauers,2,117,372,46,84,16,1,12,43,45,115,3,3,.226,167,51.66187050359712
 ,Rhys Hoskins,3,160,570,86,129,33,5,29,85,116,173,2,2,.226,326,116.42857142857143
297,Jackie Bradley Jr.,7,147,494,69,111,28,3,21,62,56,155,8,6,.225,260,78.94545454545455
 ,Guillermo Heredia,4,89,204,31,46,13,0,5,20,18,60,2,2,.225,92,26.52252252252252
 ,Stevie Wilkerson,2,117,329,41,74,18,2,10,35,22,108,3,3,.225,156,42.666666666666664
300,Yan Gomes,8,97,314,36,70,16,0,12,43,38,84,2,0,.223,150,46.02272727272727
